{"_id":1,"price":79.25,"description":"quisque erat"}
{"_id":2,"price":92.4,"description":"nisl duis"}
{"_id":3,"price":33.4,"description":"donec ut"}
{"_id":4,"price":59.62,"description":"leo"}
{"_id":5,"price":251.3,"description":"in"}
{"_id":6,"price":299.95,"description":"quisque id"}
{"_id":7,"price":120.97,"description":"faucibus orci"}
{"_id":8,"price":178.54,"description":"curabitur"}
{"_id":9,"price":38.63,"description":"faucibus accumsan"}
{"_id":10,"price":471.44,"description":"nibh"}
{"_id":11,"price":85.89,"description":"neque aenean"}
{"_id":12,"price":483.75,"description":"metus vitae"}
{"_id":13,"price":297.48,"description":"ultrices"}
{"_id":14,"price":287.18,"description":"sit amet"}
{"_id":15,"price":245.72,"description":"eleifend"}
{"_id":16,"price":332.16,"description":"quis odio"}
{"_id":17,"price":68.23,"description":"curae"}
{"_id":18,"price":437.03,"description":"duis"}
{"_id":19,"price":199.82,"description":"nunc"}
{"_id":20,"price":157.04,"description":"sit amet"}
{"_id":21,"price":337.91,"description":"arcu adipiscing"}
{"_id":22,"price":308.12,"description":"natoque penatibus"}
{"_id":23,"price":363.32,"description":"nulla"}
{"_id":24,"price":402.22,"description":"sit amet"}
{"_id":25,"price":264.42,"description":"in faucibus"}
{"_id":26,"price":123.17,"description":"posuere"}
{"_id":27,"price":313.91,"description":"est donec"}
{"_id":28,"price":401.73,"description":"at"}
{"_id":29,"price":305.95,"description":"metus"}
{"_id":30,"price":262.68,"description":"venenatis non"}
{"_id":31,"price":447.02,"description":"eros elementum"}
{"_id":32,"price":132.25,"description":"justo"}
{"_id":33,"price":489.75,"description":"ante"}
{"_id":34,"price":325.07,"description":"at"}
{"_id":35,"price":219.51,"description":"interdum mauris"}
{"_id":36,"price":464.7,"description":"a"}
{"_id":37,"price":489.77,"description":"cursus"}
{"_id":38,"price":347.46,"description":"ut"}
{"_id":39,"price":54.54,"description":"in"}
{"_id":40,"price":159.43,"description":"posuere"}
{"_id":41,"price":69.77,"description":"est phasellus"}
{"_id":42,"price":71.21,"description":"cras non"}
{"_id":43,"price":298.57,"description":"lobortis"}
{"_id":44,"price":471.47,"description":"augue"}
{"_id":45,"price":25.94,"description":"tempor"}
{"_id":46,"price":94.25,"description":"amet"}
{"_id":47,"price":186.09,"description":"nam congue"}
{"_id":48,"price":150.09,"description":"in"}
{"_id":49,"price":174.52,"description":"ut"}
{"_id":50,"price":69.17,"description":"magna at"}
{"_id":51,"price":81.03,"description":"pharetra"}
{"_id":52,"price":404.18,"description":"sollicitudin"}
{"_id":53,"price":408.11,"description":"odio"}
{"_id":54,"price":318.74,"description":"tempus vel"}
{"_id":55,"price":294.43,"description":"aliquam quis"}
{"_id":56,"price":179.78,"description":"luctus"}
{"_id":57,"price":81.26,"description":"sagittis"}
{"_id":58,"price":219.38,"description":"amet"}
{"_id":59,"price":322.6,"description":"diam"}
{"_id":60,"price":400.67,"description":"cum"}
{"_id":61,"price":41.23,"description":"turpis"}
{"_id":62,"price":281.74,"description":"cras"}
{"_id":63,"price":346.26,"description":"ac lobortis"}
{"_id":64,"price":78.77,"description":"nisi"}
{"_id":65,"price":38.95,"description":"convallis duis"}
{"_id":66,"price":139.21,"description":"magna"}
{"_id":67,"price":453.62,"description":"nulla"}
{"_id":68,"price":132.29,"description":"accumsan felis"}
{"_id":69,"price":181.77,"description":"dapibus"}
{"_id":70,"price":475.67,"description":"sapien"}
{"_id":71,"price":416.19,"description":"nunc nisl"}
{"_id":72,"price":487.0,"description":"lacus"}
{"_id":73,"price":255.05,"description":"amet"}
{"_id":74,"price":229.77,"description":"laoreet"}
{"_id":75,"price":268.99,"description":"arcu"}
{"_id":76,"price":324.54,"description":"cursus"}
{"_id":77,"price":356.5,"description":"maecenas"}
{"_id":78,"price":486.53,"description":"blandit"}
{"_id":79,"price":252.21,"description":"adipiscing"}
{"_id":80,"price":475.78,"description":"nisi volutpat"}
{"_id":81,"price":444.99,"description":"nec molestie"}
{"_id":82,"price":397.05,"description":"sit"}
{"_id":83,"price":256.25,"description":"leo pellentesque"}
{"_id":84,"price":46.62,"description":"erat"}
{"_id":85,"price":371.38,"description":"in"}
{"_id":86,"price":125.53,"description":"morbi"}
{"_id":87,"price":363.96,"description":"nisl nunc"}
{"_id":88,"price":349.39,"description":"ipsum ac"}
{"_id":89,"price":375.74,"description":"et"}
{"_id":90,"price":50.74,"description":"maecenas tincidunt"}
{"_id":91,"price":377.46,"description":"tristique tortor"}
{"_id":92,"price":488.19,"description":"libero"}
{"_id":93,"price":125.86,"description":"convallis"}
{"_id":94,"price":175.76,"description":"in tempus"}
{"_id":95,"price":267.88,"description":"pede"}
{"_id":96,"price":216.15,"description":"at turpis"}
{"_id":97,"price":193.97,"description":"vitae ipsum"}
{"_id":98,"price":338.93,"description":"feugiat"}
{"_id":99,"price":300.8,"description":"ipsum"}
{"_id":100,"price":324.1,"description":"metus"}
